Artisan,Product_name,Principles,Materials,Processes,Industrial_scale_items,Regular_price,Last_price,Unit_price,Url
Olive mode,3 Piece Cosmetic Bag,"woman owned, black owned",", , ,",", , ,",,Regular price,$44.00 USD,Regular price,https://www.olivemodeboutique.com/products/3-piece-cosmetic-bag
Olive mode,A Night Out Dress,"woman owned, black owned",", , ,",", , ,",,Regular price,$32.00 USD,Regular price,https://www.olivemodeboutique.com/products/red-asymmetrical-dress
Olive mode,Adhesive Lift Tape,"woman owned, black owned",", , ,",", , ,",,Regular price,$8.75 USD,Regular price,https://www.olivemodeboutique.com/products/2037-adhesive-breast-lift-tape-black
Olive mode,Amber Striped Clutch,"woman owned, black owned",", , ,",", , ,",,Regular price,$65.00 USD,Regular price,https://www.olivemodeboutique.com/products/urban-expressions-mayotte-clutch
Olive mode,Ariel Ombré Mermaid Crochet Cover Up Dress,"woman owned, black owned",", , ,",", , ,",,Regular price,$74.00 USD,Regular price,https://www.olivemodeboutique.com/products/ombre-dyed-crochet-mermaid-dress
Olive mode,Aspen Bracelet,"woman owned, black owned",", , ,",", , ,",,Regular price,$40.00 USD,Regular price,https://www.olivemodeboutique.com/products/aspen-bracelet
Olive mode,Aspen Ring Mini,"woman owned, black owned",", , ,",", , ,",,Regular price,$35.00 USD,Regular price,https://www.olivemodeboutique.com/products/brenda-grands-jewelry-aspen-ring-mini
Olive mode,Axel Nail Bracelet: Silver,"woman owned, black owned",", , ,",", , ,",,Regular price,$65.00 USD,Regular price,https://www.olivemodeboutique.com/products/axel-nail-bracelet-silver
Olive mode,Bettany Bodysuit,"woman owned, black owned",", , ,",", , ,",,Regular price,$29.00 USD,Regular price,https://www.olivemodeboutique.com/products/2014-bettany-bodysuit-black
Olive mode,Black Mesh Cosmetic Bag Set,"woman owned, black owned",", , ,",", , ,",,Regular price,$12.98 USD,Regular price,https://www.olivemodeboutique.com/products/unishe-black-mesh-washing-bag-cosmetic-bag-moq-3pcs-zzkf455
Olive mode,Blue Lagoon Mesh Midaxi Dress,"woman owned, black owned",", , ,",", , ,",,Regular price,$95.00 USD,Regular price,https://www.olivemodeboutique.com/products/oasis
Olive mode,Boob Savior Adhesive Remover,"woman owned, black owned",", , ,",", , ,",,Regular price,$13.99 USD,Regular price,https://www.olivemodeboutique.com/products/boob-savior-adhesive-remover
Olive mode,Bora Bora Kelly Green Crossbody,"woman owned, black owned",", , ,",", , ,",,Regular price,$70.00 USD,Regular price,https://www.olivemodeboutique.com/products/urban-expressions-fawna-crossbody
Olive mode,Bora Bora Sky Blue Crossbody,"woman owned, black owned",", , ,",", , ,",,Regular price,$70.00 USD,Regular price,https://www.olivemodeboutique.com/products/urban-expressions-fawna-crossbody-1
Olive mode,Botanical Fragrance Roller,"woman owned, black owned",", , ,",", , ,",,Regular price,$14.00 USD,Regular price,https://www.olivemodeboutique.com/products/cocoa-beach-fragrance-roller
Olive mode,Braided Band Bracelet,"woman owned, black owned",", , ,",", , ,",,Regular price,$36.00 USD,Regular price,https://www.olivemodeboutique.com/products/braided-band-bracelet
Olive mode,Bubble Evening Bag: Silver,"woman owned, black owned",", , ,",", , ,",,Regular price,$66.00 USD,Regular price,https://www.olivemodeboutique.com/products/daisy-evening-bag-silver
Olive mode,Butterfly Crystal Bag: Fuchsia,"woman owned, black owned",", , ,",", , ,",,Regular price,$80.00 USD,Regular price,https://www.olivemodeboutique.com/products/vanessa-evening-bag-fuchsia
Olive mode,Cabana Mesh Mini Dress,"woman owned, black owned",", , ,",", , ,",,Regular price,$48.00 USD,Regular price,https://www.olivemodeboutique.com/products/amy-lynn-dalia-dress
Olive mode,Cabo Crop Top Set,"woman owned, black owned",", , ,",", , ,",,Regular price,$22.00 USD,Regular price,https://www.olivemodeboutique.com/products/crop-top-set
Olive mode,CALA 2-in-1 Rose Quartz Sonic Facial Massager,"woman owned, black owned",", , ,",", , ,",,Regular price,$22.00 USD,Regular price,https://www.olivemodeboutique.com/products/best-beauty-group-cala-2-in-1-rose-quartz-sonic-facial-massager
Olive mode,CALA 5 PIECE HYDROGEL LIP MASK ROSE COLLAGEN HYDRATING,"woman owned, black owned",", , ,",", , ,",,Regular price,$10.00 USD,Regular price,https://www.olivemodeboutique.com/products/cala-5-piece-hydrogel-lip-mask-rose-collagen-hydrating
Olive mode,Cher Black Feather Crop Top,"woman owned, black owned",", , ,",", , ,",,Regular price,$68.00 USD,Regular price,https://www.olivemodeboutique.com/products/dressy-feather-trim-crop-top
Olive mode,Chunky Tube Hoops Medium,"woman owned, black owned",", , ,",", , ,",,Regular price,$44.00 USD,Regular price,https://www.olivemodeboutique.com/products/brenda-grands-jewelry-chunky-tube-hoops-medium
Olive mode,Chunky Twisted Ring,"woman owned, black owned",", , ,",", , ,",,Regular price,$43.00 USD,Regular price,https://www.olivemodeboutique.com/products/brenda-grands-jewelry-chunky-twisted-ring
Olive mode,Cocktail Hour Chain Dress,"woman owned, black owned",", , ,",", , ,",,Regular price,$38.00 USD,Regular price,https://www.olivemodeboutique.com/products/chain-black-dress
Olive mode,Cocktail Picks,"woman owned, black owned",", , ,",", , ,",,Regular price,$9.00 USD,Regular price,https://www.olivemodeboutique.com/products/cocktail-picks-wholesale
Olive mode,COSRX Acne Clear Pimple Master Patch kbeauty,"woman owned, black owned",", , ,",", , ,",,Regular price,$7.00 USD,Regular price,https://www.olivemodeboutique.com/products/cosrx-acne-clear-pimple-master-patch-kbeauty
Olive mode,Countdown Sequince Dress,"woman owned, black owned",", , ,",", , ,",,Regular price,$120.00 USD,Regular price,https://www.olivemodeboutique.com/products/celebration-dress
Olive mode,Creamsicle Maxi Crochet Dress,"woman owned, black owned",", , ,",", , ,",,Regular price,$72.00 USD,Regular price,https://www.olivemodeboutique.com/products/orange-maxi-crochet-dress
Olive mode,Curved Shapewear Dress,"woman owned, black owned",", , ,",", , ,",,Regular price,$24.00 USD,Regular price,https://www.olivemodeboutique.com/products/2009-curved-craze-shapewear-dress-black
Olive mode,Dionne Carmel Dress,"woman owned, black owned",", , ,",", , ,",,Regular price,$118.00 USD,Regular price,https://www.olivemodeboutique.com/products/mini-sweater
Olive mode,Donna Mirror Metallic Card Holder Wallet: Gold,"woman owned, black owned",", , ,",", , ,",,Regular price,$20.00 USD,Regular price,https://www.olivemodeboutique.com/products/afina-mirror-metallic-card-holder-wallet-gold
Olive mode,Donna Mirror Metallic Card Holder Wallet: Silver,"woman owned, black owned",", , ,",", , ,",,Regular price,$20.00 USD,Regular price,https://www.olivemodeboutique.com/products/afina-mirror-metallic-card-holder-wallet-silver
Olive mode,Double Bar Earring,"woman owned, black owned",", , ,",", , ,",,Regular price,$52.00 USD,Regular price,https://www.olivemodeboutique.com/products/double-bar-earring
Olive mode,Dr Jart Cryo Rubber™ Mask: Collagen,"woman owned, black owned",", , ,",", , ,",,Regular price,$15.00 USD,Regular price,https://www.olivemodeboutique.com/products/dr-jart-cryo-rubber%E2%84%A2-mask-collagen
Olive mode,DR. JART+ Dermask Water Jet Vital Hydra Solution Sheet Mask,"woman owned, black owned",", , ,",", , ,",,Regular price,$7.00 USD,Regular price,https://www.olivemodeboutique.com/products/best-beauty-group-dr-jart-dermask-water-jet-vital-hydra-solution-sheet-mask
Olive mode,DR. JART+ K Beauty Dermask Intra Jet Firming Solution,"woman owned, black owned",", , ,",", , ,",,Regular price,$7.00 USD,Regular price,https://www.olivemodeboutique.com/products/best-beauty-group-dr-jart-k-beauty-dermask-intra-jet-firming-solution
Olive mode,Eco-Friendly Creaseless Clips 4pc Set - Black Terrazzo,"woman owned, black owned",", , ,",", , ,",,Regular price,$10.00 USD,Regular price,https://www.olivemodeboutique.com/products/eco-friendly-creaseless-clips-4pc-set-black-terrazzo
Olive mode,Emerald Satin Slit Dress,"woman owned, black owned",", , ,",", , ,",,Regular price,$72.00 USD,Regular price,https://www.olivemodeboutique.com/products/emerald-city-satin-slit-dress
Olive mode,Equestrian Suede Jacket,"woman owned, black owned",", , ,",", , ,",,Regular price,$48.00 USD,Regular price,https://www.olivemodeboutique.com/products/camel-cropped-suede-jacket
Olive mode,"Evian Facial Spray - Evian Facial Spray, 1.7 oz","woman owned, black owned",", , ,",", , ,",,Regular price,$8.50 USD,Regular price,https://www.olivemodeboutique.com/products/evian-facial-spray-evian-facial-spray-1-7-oz
Olive mode,Exfoliating Body Dry Brush,"woman owned, black owned",", , ,",", , ,",,Regular price,$14.00 USD,Regular price,https://www.olivemodeboutique.com/products/exfoliating-body-dry-brush
Olive mode,Fairytale Ballerina Clutch,"woman owned, black owned",", , ,",", , ,",,Regular price,$70.00 USD,Regular price,https://www.olivemodeboutique.com/products/urban-expressions-shoshanna-evening-bag
Olive mode,Fiji Black Woven Crossbody,"woman owned, black owned",", , ,",", , ,",,Regular price,$80.00 USD,Regular price,https://www.olivemodeboutique.com/products/urban-expressions-fiji-crossbody
Olive mode,Francesca Gold Crystal Maxi Dress,"woman owned, black owned",", , ,",", , ,",,Regular price,$158.00 USD,Regular price,https://www.olivemodeboutique.com/products/gold-crystal-maxi
Olive mode,Giselle Mirror Metallic Crossbody: Gold,"woman owned, black owned",", , ,",", , ,",,Regular price,$70.00 USD,Regular price,https://www.olivemodeboutique.com/products/donna-mirror-metallic-crossbody-gold
Olive mode,Giselle Mirror Metallic Crossbody: Silver,"woman owned, black owned",", , ,",", , ,",,Regular price,$70.00 USD,Regular price,https://www.olivemodeboutique.com/products/donna-mirror-metallic-crossbody-silver
Olive mode,Greece Twist Top,"woman owned, black owned",", , ,",", , ,",,Regular price,$28.00 USD,Regular price,https://www.olivemodeboutique.com/products/greece-twist-top
Olive mode,Halle Black Cutwork Maxi,"woman owned, black owned",", , ,",", , ,",,Regular price,$126.00 USD,Regular price,https://www.olivemodeboutique.com/products/janet-black-cutwork-maxi
Olive mode,Houston Belted Romper,"woman owned, black owned",", , ,",", , ,",,Regular price,$28.00 USD,Regular price,https://www.olivemodeboutique.com/products/houston
Olive mode,Ice Roller - Terracotta,"woman owned, black owned",", , ,",", , ,",,Regular price,$18.00 USD,Regular price,https://www.olivemodeboutique.com/products/ice-roller-terracotta
Olive mode,INSTANT CHAMPAGNE COCKTAIL KIT,"woman owned, black owned",", , ,",", , ,",,Regular price,$30.00 USD,Regular price,https://www.olivemodeboutique.com/products/instant-champagne-cocktail-kit
Olive mode,Invite Only Bodysuit Sweater,"woman owned, black owned",", , ,",", , ,",,Regular price,$38.00 USD,Regular price,https://www.olivemodeboutique.com/products/sweater-bodysuit
Olive mode,Jada Green Mesh Cargo Dress,"woman owned, black owned",", , ,",", , ,",,Regular price,$108.00 USD,Regular price,https://www.olivemodeboutique.com/products/jada-green-cargo-dress
Olive mode,Janae Straw Clutch,"woman owned, black owned",", , ,",", , ,",,Regular price,$60.00 USD,Regular price,https://www.olivemodeboutique.com/products/urban-expressions-evie-clutch
Olive mode,Jizel Vertical Scrunch Crossbody,"woman owned, black owned",", , ,",", , ,",,Regular price,$80.00 USD,Regular price,https://www.olivemodeboutique.com/products/urban-expressions-rylee-clutch
Olive mode,Kelly Red Cutout Strappy Jumpsuit,"woman owned, black owned",", , ,",", , ,",,Regular price,$159.00 USD,Regular price,https://www.olivemodeboutique.com/products/red-cutout-strappy-jumpsuit
Olive mode,Laneige Lip Sleeping Mask Treatment Balm Care,"woman owned, black owned",", , ,",", , ,",,Regular price,$24.00 USD,Regular price,https://www.olivemodeboutique.com/products/best-beauty-group-laneige-lip-sleeping-mask-treatment-balm-care
Olive mode,Last Call Vegan Leather Skirt,"woman owned, black owned",", , ,",", , ,",,Regular price,$92.00 USD,Regular price,https://www.olivemodeboutique.com/products/faux-leather-skirt
Olive mode,Lena Gold Cut-Out Midi Dress,"woman owned, black owned",", , ,",", , ,",,Regular price,$88.00 USD,Regular price,https://www.olivemodeboutique.com/products/striped-metallic-shimmer-cut-out-midi-dress
Olive mode,Link Anklet,"woman owned, black owned",", , ,",", , ,",,Regular price,$35.00 USD,Regular price,https://www.olivemodeboutique.com/products/brenda-grands-jewelry-marine-anklet
Olive mode,Lock Earrings,"woman owned, black owned",", , ,",", , ,",,Regular price,$52.00 USD,Regular price,https://www.olivemodeboutique.com/products/codie-lock-earrings-gold-2
Olive mode,Luxe Shower Cap - Floral,"woman owned, black owned",", , ,",", , ,",,Regular price,$24.00 USD,Regular price,https://www.olivemodeboutique.com/products/kitsch-luxe-shower-cap-floral
Olive mode,Malibu Slit Off White Dress,"woman owned, black owned",", , ,",", , ,",,Regular price,$65.00 USD,Regular price,https://www.olivemodeboutique.com/products/malibu-slit-off-white-dress
Olive mode,Maui Ruched Side Slit Midi Skirt,"woman owned, black owned",", , ,",", , ,",,Regular price,$45.00 USD,Regular price,https://www.olivemodeboutique.com/products/ruched-side-slit-midi-skirt
Olive mode,Maui Satin Wrap Front Tie Waist Top,"woman owned, black owned",", , ,",", , ,",,Regular price,$45.00 USD,Regular price,https://www.olivemodeboutique.com/products/satin-wrap-front-tie-waist-top
Olive mode,Michelle Gold Link Large Woven Crossbody,"woman owned, black owned",", , ,",", , ,",,Regular price,$80.00 USD,Regular price,https://www.olivemodeboutique.com/products/urban-expressions-ines-crossbody-1
Olive mode,Michelle Gold Link Small Woven Crossbody,"woman owned, black owned",", , ,",", , ,",,Regular price,$80.00 USD,Regular price,https://www.olivemodeboutique.com/products/urban-expressions-holden-crossbody
Olive mode,Moana Straw Clutch,"woman owned, black owned",", , ,",", , ,",,Regular price,$90.00 USD,Regular price,https://www.olivemodeboutique.com/products/urban-expressions-moana-clutch
Olive mode,Moisturizing Heel Socks,"woman owned, black owned",", , ,",", , ,",,Regular price,$16.00 USD,Regular price,https://www.olivemodeboutique.com/products/moisturizing-heel-socks
Olive mode,Mykonos Maxi Dress,"woman owned, black owned",", , ,",", , ,",,Regular price,$82.00 USD,Regular price,https://www.olivemodeboutique.com/products/adunn-riah-maxi-dress-in-magenta-orange
Olive mode,Nia Bustier Top,"woman owned, black owned",", , ,",", , ,",,Regular price,$119.00 USD,Regular price,https://www.olivemodeboutique.com/products/cat-women-bustier
Olive mode,No-Show | Reusable Nipple Covers: Nood 5,"woman owned, black owned",", , ,",", , ,",,Regular price,$24.00 USD,Regular price,https://www.olivemodeboutique.com/products/no-show-reusable-nipple-covers-nood-5
Olive mode,No-Show | Reusable Nipple Covers: Nood 7,"woman owned, black owned",", , ,",", , ,",,Regular price,$24.00 USD,Regular price,https://www.olivemodeboutique.com/products/no-show-reusable-nipple-covers-nood-7
Olive mode,No-Show | Reusable Nipple Covers: Nood 9,"woman owned, black owned",", , ,",", , ,",,Regular price,$24.00 USD,Regular price,https://www.olivemodeboutique.com/products/no-show-reusable-nipple-covers-nood-9
Olive mode,OLIVE MODE gift card,"woman owned, black owned",", , ,",", , ,",,Regular price,$50.00 USD,Regular price,https://www.olivemodeboutique.com/products/olive-mode-gift-card
Olive mode,OLIVE MODE Signature Logo Unisex Tee,"woman owned, black owned",", , ,",", , ,",,Regular price,$32.00 USD,Regular price,https://www.olivemodeboutique.com/products/olive-mode-signature-logo-unisex-tee
Olive mode,Poolside Ribbed Dress Cream,"woman owned, black owned",", , ,",", , ,",,Regular price,$48.00 USD,Regular price,https://www.olivemodeboutique.com/products/amy-lynn-vega-dress-2
Olive mode,Poolside Ribbed Dress Orange,"woman owned, black owned",", , ,",", , ,",,Regular price,$48.00 USD,Regular price,https://www.olivemodeboutique.com/products/amy-lynn-vega-dress-3
Olive mode,Prague High-Waist Shorts,"woman owned, black owned",", , ,",", , ,",,Regular price,$52.00 USD,Regular price,https://www.olivemodeboutique.com/products/leather-shorts
Olive mode,Purse Key Hanger,"woman owned, black owned",", , ,",", , ,",,Regular price,$14.99 USD,Regular price,https://www.olivemodeboutique.com/products/print-purse-key-hanger
Olive mode,Raindrop Earrings Gold,"woman owned, black owned",", , ,",", , ,",,Regular price,$65.00 USD,Regular price,https://www.olivemodeboutique.com/products/raindrop-statement-earrings-gold
Olive mode,Raindrop Earrings Silver,"woman owned, black owned",", , ,",", , ,",,Regular price,$65.00 USD,Regular price,https://www.olivemodeboutique.com/products/raindrop-statement-earrings-silver
Olive mode,Refillable Ultimate Travel 11pc Set - Black & Ivory,"woman owned, black owned",", , ,",", , ,",,Regular price,$12.00 USD,Regular price,https://www.olivemodeboutique.com/products/kitsch-refillable-ultimate-travel-11pc-set-black-ivory
Olive mode,Refillable Ultimate Travel 11pc Set - Blush,"woman owned, black owned",", , ,",", , ,",,Regular price,$12.00 USD,Regular price,https://www.olivemodeboutique.com/products/kitsch-refillable-ultimate-travel-11pc-set-blush
Olive mode,Ribbed Bracelet,"woman owned, black owned",", , ,",", , ,",,Regular price,$50.00 USD,Regular price,https://www.olivemodeboutique.com/products/veronica-bracelet-15-mm-gold
Olive mode,Ribbed Hoops,"woman owned, black owned",", , ,",", , ,",,Regular price,$58.00 USD,Regular price,https://www.olivemodeboutique.com/products/robyn-hoops
Olive mode,Riviera Orange Jumpsuit,"woman owned, black owned",", , ,",", , ,",,Regular price,$48.00 USD,Regular price,https://www.olivemodeboutique.com/products/riviera-orange-jumpsuit
Olive mode,ROSE PETALS | LUXE Toppings MINI,"woman owned, black owned",", , ,",", , ,",,Regular price,$9.00 USD,Regular price,https://www.olivemodeboutique.com/products/rose-petals-luxe-toppings-mini
Olive mode,Saint Crossbody: Black,"woman owned, black owned",", , ,",", , ,",,Regular price,$65.00 USD,Regular price,https://www.olivemodeboutique.com/products/nanci-crossbody-black
Olive mode,Saint Crossbody: Oatmilk,"woman owned, black owned",", , ,",", , ,",,Regular price,$65.00 USD,Regular price,https://www.olivemodeboutique.com/products/nanci-crossbody-oatmilk
Olive mode,Sangria Camel Midi Dress,"woman owned, black owned",", , ,",", , ,",,Regular price,$68.00 USD,Regular price,https://www.olivemodeboutique.com/products/sahara-midi-dress
Olive mode,Shape Tape | Breast Tape (XL): Nood 5 / 4in.,"woman owned, black owned",", , ,",", , ,",,Regular price,$34.00 USD,Regular price,https://www.olivemodeboutique.com/products/shape-tape-breast-tape-xl-nood-5-4in
Olive mode,Shapewear Short Black,"woman owned, black owned",", , ,",", , ,",,Regular price,$25.00 USD,Regular price,https://www.olivemodeboutique.com/products/2006-held-together-shapewear-short-black
Olive mode,Sightsee Blue Jogger Jumpsuit,"woman owned, black owned",", , ,",", , ,",,Regular price,$38.00 USD,Regular price,https://www.olivemodeboutique.com/products/blue-jumpsuit
Olive mode,Somalia Shirt Dress,"woman owned, black owned",", , ,",", , ,",,Regular price,$88.00 USD,Regular price,https://www.olivemodeboutique.com/products/uptown-topskin-adria-white-shirt-dress-1
Olive mode,Spotted Back Out Dress,"woman owned, black owned",", , ,",", , ,",,Regular price,$38.00 USD,Regular price,https://www.olivemodeboutique.com/products/leopard-long-sleeve-dress
Olive mode,St.Lucia Cowl Neck Backless Crop Top,"woman owned, black owned",", , ,",", , ,",,Regular price,$34.00 USD,Regular price,https://www.olivemodeboutique.com/products/cowl-neck-backless-crop-top
Olive mode,Stainless Steel Gua Sha,"woman owned, black owned",", , ,",", , ,",,Regular price,$13.00 USD,Regular price,https://www.olivemodeboutique.com/products/stainless-steel-gua-sha
Olive mode,Star Cubic Necklace,"woman owned, black owned",", , ,",", , ,",,Regular price,$38.00 USD,Regular price,https://www.olivemodeboutique.com/products/brenda-grands-jewelry-star-cubic-necklace
Olive mode,Starry Chiffon Maxi Dress,"woman owned, black owned",", , ,",", , ,",,Regular price,$72.00 USD,Regular price,https://www.olivemodeboutique.com/products/pink-shimmer-dress
Olive mode,Stone Cold Blue Crossbody,"woman owned, black owned",", , ,",", , ,",,Regular price,$65.00 USD,Regular price,https://www.olivemodeboutique.com/products/urban-expressions-lucas-crossbody
Olive mode,Stone Ring: 7,"woman owned, black owned",", , ,",", , ,",,Regular price,$35.00 USD,Regular price,https://www.olivemodeboutique.com/products/dylan-ring-7
Olive mode,Sun Hoops Mini,"woman owned, black owned",", , ,",", , ,",,Regular price,$38.00 USD,Regular price,https://www.olivemodeboutique.com/products/brenda-grands-jewelry-sun-hoops-mini
Olive mode,Tahiti Straw Crossbody,"woman owned, black owned",", , ,",", , ,",,Regular price,$90.00 USD,Regular price,https://www.olivemodeboutique.com/products/urban-expressions-caspian-crossbody
Olive mode,Tamera Pink Sequin Dress,"woman owned, black owned",", , ,",", , ,",,Regular price,$158.00 USD,Regular price,https://www.olivemodeboutique.com/products/hot-pink-floral-mini-dress
Olive mode,The Angela Cargo Pants,"woman owned, black owned",", , ,",", , ,",,Regular price,$68.00 USD,Regular price,https://www.olivemodeboutique.com/products/black-leather-cargo-pants
Olive mode,The Lavender Weighted Satin Eye Mask,"woman owned, black owned",", , ,",", , ,",,Regular price,$24.00 USD,Regular price,https://www.olivemodeboutique.com/products/the-lavender-weighted-satin-eye-mask
Olive mode,The Overnight Messenger,"woman owned, black owned",", , ,",", , ,",,Regular price,$70.00 USD,Regular price,https://www.olivemodeboutique.com/products/urban-expressions-lissa-crossbody
Olive mode,Tiffany Canvas Backpack,"woman owned, black owned",", , ,",", , ,",,Regular price,$90.00 USD,Regular price,https://www.olivemodeboutique.com/products/urban-expressions-jamie-backpack
Olive mode,Touchland - Glow Mist Rosewater,"woman owned, black owned",", , ,",", , ,",,Regular price,$16.00 USD,Regular price,https://www.olivemodeboutique.com/products/touchland-glow-mist-rosewater
Olive mode,Touchland - Power Mist Beach Coco,"woman owned, black owned",", , ,",", , ,",,Regular price,$10.00 USD,Regular price,https://www.olivemodeboutique.com/products/touchland-power-mist-beach-coco
Olive mode,Touchland - Power Mist Berry Bliss,"woman owned, black owned",", , ,",", , ,",,Regular price,$10.00 USD,Regular price,https://www.olivemodeboutique.com/products/touchland-power-mist-berry-bliss
Olive mode,Touchland - Power Mist Lemon Lime Spritz,"woman owned, black owned",", , ,",", , ,",,Regular price,$10.00 USD,Regular price,https://www.olivemodeboutique.com/products/touchland-power-mist-lemon-lime-spritz
Olive mode,Touchland - Power Mist Pure Lavender,"woman owned, black owned",", , ,",", , ,",,Regular price,$10.00 USD,Regular price,https://www.olivemodeboutique.com/products/touchland-power-mist-pure-lavender
Olive mode,Touchland - Power Mist Vanilla Blossom,"woman owned, black owned",", , ,",", , ,",,Regular price,$10.00 USD,Regular price,https://www.olivemodeboutique.com/products/touchland-power-mist-vanilla-blossom
Olive mode,Touchland - Smiley x Touchland Mango Passion,"woman owned, black owned",", , ,",", , ,",,Regular price,$10.00 USD,Regular price,https://www.olivemodeboutique.com/products/touchland-smiley-x-touchland-mango-passion
Olive mode,Touchland - Touchland Mist Case Blue,"woman owned, black owned",", , ,",", , ,",,Regular price,$5.50 USD,Regular price,https://www.olivemodeboutique.com/products/touchland-touchland-mist-case-blue
Olive mode,Touchland - Touchland Mist Case Pink,"woman owned, black owned",", , ,",", , ,",,Regular price,$5.50 USD,Regular price,https://www.olivemodeboutique.com/products/touchland-touchland-mist-case-pink
Olive mode,Touchland - Touchland Mist Case Red,"woman owned, black owned",", , ,",", , ,",,Regular price,$6.00 USD,Regular price,https://www.olivemodeboutique.com/products/touchland-touchland-mist-case-red
Olive mode,Tracee Magenta Pink Metallic Long Sleeve Cutout Dress,"woman owned, black owned",", , ,",", , ,",,Regular price,$98.00 USD,Regular price,https://www.olivemodeboutique.com/products/magenta-pink-metallic-long-sleeve-cutout-dress
Olive mode,Vielö - Organic Hand Balm 50ml,"woman owned, black owned",", , ,",", , ,",,Regular price,$22.00 USD,Regular price,https://www.olivemodeboutique.com/products/vielo-explore-organic-foot-balm-50ml
Olive mode,Vivica Clear Evening Clutch,"woman owned, black owned",", , ,",", , ,",,Regular price,$70.00 USD,Regular price,https://www.olivemodeboutique.com/products/urban-expressions-sophia-evening-bag
Olive mode,Wake Up Hydrogel Eye Mask Charcoal + Hyaluronic Acid,"woman owned, black owned",", , ,",", , ,",,Regular price,$5.00 USD,Regular price,https://www.olivemodeboutique.com/products/bright-eyes-collagen-eye-mask-1-pair
